<?xml version="1.0" encoding="utf-8"?>
<bugrepository name="UweTrottmann_SeriesGuide">
	<bug id="101">
		<buginformation>
			<summary>Crash when selecting notification after deleting show </summary>
			<description>For an unknown reason the cursor check here fails (EpisodeDetailsActivity), it seems to return something albeit the episode has been deleted. Debug!</description>
		</buginformation>
		<fixedFiles>
			<file>SeriesGuide.src.com.battlelancer.seriesguide.ui.EpisodeDetailsActivity.java</file>
		</fixedFiles>
	</bug>
	<bug id="105">
		<buginformation>
			<summary>Hide hidden shows from new check in screen </summary>
			<description>And look for other things I overlooked...</description>
		</buginformation>
		<fixedFiles>
			<file>SeriesGuide.src.com.battlelancer.seriesguide.ui.CheckinActivity.java</file>
		</fixedFiles>
	</bug>
	<bug id="113">
		<buginformation>
			<summary>Hide non-aired episodes from checkin screen </summary>
			<description>Better this way, there might be some people in the future, but those should be the exception.</description>
		</buginformation>
		<fixedFiles>
			<file>SeriesGuide.src.main.java.com.battlelancer.seriesguide.ui.MovieDetailsFragment.java</file>
			<file>SeriesGuide.src.com.battlelancer.seriesguide.ui.CheckinActivity.java</file>
			<file>SeriesGuide.src.main.java.com.battlelancer.seriesguide.adapters.MoviesCursorAdapter.java</file>
		</fixedFiles>
	</bug>
	<bug id="122">
		<buginformation>
			<summary>Expanded notification displays too many shows </summary>
			<description>No description provided.</description>
		</buginformation>
		<fixedFiles>
			<file>SeriesGuide.src.com.battlelancer.seriesguide.service.NotificationService.java</file>
		</fixedFiles>
	</bug>
	<bug id="126">
		<buginformation>
			<summary>Up action in activity screen may exit app </summary>
			<description>If the app was not previously launched and you access the activity screen via the list widget pressing the up button takes you back to the home screen. Looks like there is a bug with the support libraries up navigation support.</description>
		</buginformation>
		<fixedFiles>
			<file>SeriesGuide.src.com.battlelancer.seriesguide.ui.UpcomingRecentActivity.java</file>
		</fixedFiles>
	</bug>
	<bug id="132">
		<buginformation>
			<summary>New update mechanism renders language selector useless </summary>
			<description>Somehow override last edit times selection?</description>
		</buginformation>
		<fixedFiles>
			<file>SeriesGuide.src.com.battlelancer.seriesguide.provider.SeriesGuideProvider.java</file>
			<file>SeriesGuide.src.com.battlelancer.seriesguide.ui.SeriesGuidePreferences.java</file>
		</fixedFiles>
	</bug>
	<bug id="133">
		<buginformation>
			<summary>Do not notify about specials if user set to hide them </summary>
			<description>No description provided.</description>
		</buginformation>
		<fixedFiles>
			<file>SeriesGuide.src.com.battlelancer.seriesguide.provider.SeriesContract.java</file>
			<file>SeriesGuide.src.com.battlelancer.seriesguide.util.DBUtils.java</file>
			<file>SeriesGuide.src.com.battlelancer.seriesguide.ui.UpcomingFragment.java</file>
			<file>SeriesGuide.src.com.battlelancer.seriesguide.service.NotificationService.java</file>
		</fixedFiles>
	</bug>
	<bug id="139">
		<buginformation>
			<summary>Collected flag in overview not representing actual state </summary>
			<description>No description provided.</description>
		</buginformation>
		<fixedFiles>
			<file>SeriesGuide.src.com.battlelancer.seriesguide.ui.OverviewFragment.java</file>
		</fixedFiles>
	</bug>
	<bug id="140">
		<buginformation>
			<summary>MultiChoice ListView not working in DialogFragment </summary>
			<description>On Jelly Bean everything is fine, but boy does this not work in any other version. Why? See ListsDialogFragment.</description>
		</buginformation>
		<fixedFiles>
			<file>SeriesGuide.src.com.battlelancer.seriesguide.ui.dialogs.ListsDialogFragment.java</file>
		</fixedFiles>
	</bug>
	<bug id="141">
		<buginformation>
			<summary>Action Bar menu on main screen sometimes invisible </summary>
			<description>Reappears once the Lists tab is selected. Another report: when returning from upcoming/recent via up to the home screen, it is also missing.</description>
		</buginformation>
		<fixedFiles>
			<file>SeriesGuide.src.com.battlelancer.seriesguide.ui.ShowsActivity.java</file>
		</fixedFiles>
	</bug>
	<bug id="157">
		<buginformation>
			<summary>Empty view in add screen is a progress indicator. </summary>
			<description>Fix that!</description>
		</buginformation>
		<fixedFiles>
			<file>SeriesGuide.src.main.java.com.battlelancer.seriesguide.service.NotificationService.java</file>
		</fixedFiles>
	</bug>
	<bug id="158">
		<buginformation>
			<summary>Shouts activity looks scary inverted on GB. </summary>
			<description>No description provided.</description>
		</buginformation>
		<fixedFiles>
			<file>SeriesGuide.src.main.java.com.battlelancer.seriesguide.ui.ShowFragment.java</file>
			<file>SeriesGuide.src.main.java.com.battlelancer.seriesguide.util.TimeTools.java</file>
		</fixedFiles>
	</bug>
	<bug id="159">
		<buginformation>
			<summary>Add show through dialog, + button not disappearing </summary>
			<description>No description provided.</description>
		</buginformation>
		<fixedFiles>
			<file>SeriesGuide.src.main.java.com.battlelancer.seriesguide.ui.AddFragment.java</file>
			<file>SeriesGuide.src.main.java.com.battlelancer.seriesguide.ui.dialogs.AddShowDialogFragment.java</file>
		</fixedFiles>
	</bug>
	<bug id="160">
		<buginformation>
			<summary>Image loading in add show uses too many AsyncTasks on scrolling fast </summary>
			<description>Results in crashes on slower devices, because they can't keep up with finishing the tasks. Try to fail gracefully or Limit concurrent image downloader tasks, sequential execution or one task using a queue.</description>
		</buginformation>
		<fixedFiles>
			<file>SeriesGuide.src.com.battlelancer.seriesguide.util.ImageDownloader.java</file>
			<file>SeriesGuide.src.main.java.com.battlelancer.seriesguide.ui.ListsActivity.java</file>
		</fixedFiles>
	</bug>
	<bug id="178">
		<buginformation>
			<summary>[report] Add Fragment crashes if selected row is invisible? </summary>
			<description>Exception class: java.lang.NullPointerException Source method: AdapterView.getPositionForView() "Tried to add a few popular shows immediately after another" java.lang.NullPointerExceptionat android.widget.AdapterView.getPositionForView(AdapterView.java:591)at com.battlelancer.seriesguide.ui.AddFragment$1.onClick(AddFragment.java:93)at android.view.View.performClick(View.java:3627)at android.view.View$PerformClick.run(View.java:14329)at android.os.Handler.handleCallback(Handler.java:605)at android.os.Handler.dispatchMessage(Handler.java:92)at android.os.Looper.loop(Looper.java:137)at android.app.ActivityThread.main(ActivityThread.java:4511)at java.lang.reflect.Method.invokeNative(Native Method)at java.lang.reflect.Method.invoke(Method.java:511)at com.android.internal.os.ZygoteInit$MethodAndArgsCaller.run(ZygoteInit.java:986)at com.android.internal.os.ZygoteInit.main(ZygoteInit.java:753)at dalvik.system.NativeStart.main(Native Method)</description>
		</buginformation>
		<fixedFiles>
			<file>SeriesGuide.src.com.battlelancer.seriesguide.ui.AddFragment.java</file>
		</fixedFiles>
	</bug>
	<bug id="182">
		<buginformation>
			<summary>Trakt sync errors with android 4.2 </summary>
			<description>Looks to have something to do with decrypting the stored trakt password. To reproduce: create a new virtual device with API level 17. start SG go to the trakt credentials dialog enter your trakt username and password error message about 'something went wrong.....'</description>
		</buginformation>
		<fixedFiles>
			<file>SeriesGuide.src.com.battlelancer.seriesguide.ui.dialogs.TraktCredentialsDialogFragment.java</file>
			<file>SeriesGuide.src.com.battlelancer.seriesguide.util.SimpleCrypto.java</file>
			<file>SeriesGuide.src.com.battlelancer.seriesguide.util.Utils.java</file>
		</fixedFiles>
	</bug>
	<bug id="183">
		<buginformation>
			<summary>Content Providers Now Private By Default with API 17 </summary>
			<description>Which causes a lot of crashes like this: E/AndroidRuntime(26208): FATAL EXCEPTION: Binder_1E/AndroidRuntime(26208): java.lang.SecurityException: Permission Denial: reading com.battlelancer.seriesguide.provider.SeriesGuideProvider uri content://com.battlelancer.seriesguide.beta.provider/episodes/withshow from pid=703, uid=10029 requires the provider be exported, or grantUriPermission()E/AndroidRuntime(26208):    at android.content.ContentProvider$Transport.enforceReadPermission(ContentProvider.java:332)E/AndroidRuntime(26208):    at android.content.ContentProvider$Transport.query(ContentProvider.java:188)E/AndroidRuntime(26208):    at android.content.ContentResolver.query(ContentResolver.java:372)E/AndroidRuntime(26208):    at android.content.ContentResolver.query(ContentResolver.java:315)E/AndroidRuntime(26208):    at com.battlelancer.seriesguide.util.DBUtils.getUpcomingEpisodes(DBUtils.java:175)E/AndroidRuntime(26208):    at com.battlelancer.seriesguide.appwidget.ListWidgetService$ListRemoteViewsFactory.queryForData(ListWidgetService.java:93)E/AndroidRuntime(26208):    at com.battlelancer.seriesguide.appwidget.ListWidgetService$ListRemoteViewsFactory.onDataSetChanged(ListWidgetService.java:196)E/AndroidRuntime(26208):    at android.widget.RemoteViewsService$RemoteViewsFactoryAdapter.onDataSetChanged(RemoteViewsService.java:142)E/AndroidRuntime(26208):    at com.android.internal.widget.IRemoteViewsFactory$Stub.onTransact(IRemoteViewsFactory.java:49)E/AndroidRuntime(26208):    at android.os.Binder.execTransact(Binder.java:351)E/AndroidRuntime(26208):    at dalvik.system.NativeStart.run(Native Method) Needs android:exported="true" in the AndroidManifest.xml.</description>
		</buginformation>
		<fixedFiles>
			<file>SeriesGuide.src.main.java.com.battlelancer.seriesguide.ui.dialogs.GenericCheckInDialogFragment.java</file>
		</fixedFiles>
	</bug>
	<bug id="184">
		<buginformation>
			<summary>Shouts don't respect selected theme. </summary>
			<description>Try using Android Dark theme. I believe this was by design, but look into it anyhow.</description>
		</buginformation>
		<fixedFiles>
			<file>SeriesGuide.src.main.java.com.battlelancer.seriesguide.ui.TraktShoutsFragment.java</file>
			<file>SeriesGuide.src.main.java.com.battlelancer.seriesguide.SeriesGuideApplication.java</file>
			<file>SeriesGuide.src.com.battlelancer.seriesguide.ui.TraktShoutsActivity.java</file>
			<file>SeriesGuide.src.com.battlelancer.seriesguide.ui.TraktShoutsFragment.java</file>
		</fixedFiles>
	</bug>
	<bug id="187">
		<buginformation>
			<summary>Disconnect trakt, activity screen crashes if friends does not exist anymore </summary>
			<description>No description provided.</description>
		</buginformation>
		<fixedFiles>
			<file>SeriesGuide.src.com.battlelancer.seriesguide.ui.UpcomingRecentActivity.java</file>
		</fixedFiles>
	</bug>
	<bug id="192">
		<buginformation>
			<summary>[TVDb] Shows not found by search </summary>
			<description>The TVDb search API exposed to third-party applications is much worse than what is offered through their website. Shows are not found for partial title Shows are not found where only a non-English title exists, except if the search language is expressly changed to that language (e.g. SG 'Content language' setting) No autocomplete Examples: PSYCHO PASS C Money Control Hopefully the promised new API will solve these problems. Update: trakt is planning v2.0 for mid-2014 with potential international support and better search. Hopes are up!</description>
		</buginformation>
		<fixedFiles>
			<file>SeriesGuide.src.main.java.com.battlelancer.seriesguide.ui.SearchActivity.java</file>
		</fixedFiles>
	</bug>
	<bug id="193">
		<buginformation>
			<summary>Next episode in lists does not update live </summary>
			<description>No description provided.</description>
		</buginformation>
		<fixedFiles>
			<file>SeriesGuide.src.com.battlelancer.seriesguide.util.Utils.java</file>
		</fixedFiles>
	</bug>
	<bug id="195">
		<buginformation>
			<summary>Checkbox state of "Include unwatched flags" not stored </summary>
			<description>In the trakt.tv Settings menu the state of the "Include unwatched flags" will not stored and reset from SharedPreferences unlike to all other preferences in the settings menu.</description>
		</buginformation>
		<fixedFiles>
			<file>SeriesGuide.src.com.battlelancer.seriesguide.ui.TraktSyncActivity.java</file>
			<file>SeriesGuide.src.com.battlelancer.seriesguide.ui.SeriesGuidePreferences.java</file>
		</fixedFiles>
	</bug>
	<bug id="197">
		<buginformation>
			<summary>[trakt] Auto-add shows only once </summary>
			<description>If shows are multiple times inside the activity stream, they get added multiple times. Avoid that.</description>
		</buginformation>
		<fixedFiles>
			<file>SeriesGuide.src.com.battlelancer.seriesguide.util.UpdateTask.java</file>
		</fixedFiles>
	</bug>
	<bug id="202">
		<buginformation>
			<summary>Check-in Toast Doesn't Honor Season/Episode Display Format </summary>
			<description>Shows 1x01 when I have it set to S01E01.</description>
		</buginformation>
		<fixedFiles>
			<file>SeriesGuide.src.com.battlelancer.seriesguide.util.TraktTask.java</file>
			<file>SeriesGuide.src.com.battlelancer.seriesguide.ui.dialogs.TraktCancelCheckinDialogFragment.java</file>
		</fixedFiles>
	</bug>
	<bug id="222">
		<buginformation>
			<summary>Tablet show list network and time text does not wrap properly </summary>
			<description>Because we use seperate TextViews instead of one and string-building the text it does not wrap. So change that and make sure the text properly wraps then!</description>
		</buginformation>
		<fixedFiles>
			<file>SeriesGuide.src.com.battlelancer.seriesguide.ui.ListsFragment.java</file>
			<file>SeriesGuide.src.com.battlelancer.seriesguide.ui.CheckinActivity.java</file>
			<file>SeriesGuide.src.com.battlelancer.seriesguide.ui.ShowsFragment.java</file>
		</fixedFiles>
	</bug>
	<bug id="223">
		<buginformation>
			<summary>Overview does not refresh on provider changes </summary>
			<description>E.g. if a new image url or a description is stored by the update task the content does not refresh. Make sure the update task notifies the correct/all relevant URIs.</description>
		</buginformation>
		<fixedFiles>
			<file>SeriesGuide.src.com.battlelancer.seriesguide.util.UpdateTask.java</file>
		</fixedFiles>
	</bug>
	<bug id="228">
		<buginformation>
			<summary>Auto-Backup not created </summary>
			<description>Check where SeriesGuide is trying to store the backup. However odly enough b4upgr backups do work...</description>
		</buginformation>
		<fixedFiles>
			<file>SeriesGuide.src.com.battlelancer.seriesguide.ui.BaseActivity.java</file>
		</fixedFiles>
	</bug>
	<bug id="235">
		<buginformation>
			<summary>List names with some special chars are reset </summary>
			<description>Quoting Tom: I tried to create a list name with a dash ("-"), as soon as I typed the dash, the already entered text would disappear. I found if I tried to first type some other symbol (say "="), it wouldn't display, but the text also didn't disappear, and now typing a dash also didn't cause the text to disappear. Fix the filter. I had a look at the filter for the text field, but couldn't find anything wrong so far. So far it resets to " " when entering a dash or an uptick. Allow dashes (check if the create id algorithm will not fail and still produce uniques).</description>
		</buginformation>
		<fixedFiles>
			<file>SeriesGuide.src.main.java.com.battlelancer.seriesguide.ui.dialogs.AddListDialogFragment.java</file>
			<file>SeriesGuide.src.main.java.com.battlelancer.seriesguide.ui.dialogs.ListManageDialogFragment.java</file>
		</fixedFiles>
	</bug>
	<bug id="238">
		<buginformation>
			<summary>Navigating up from the Backup/Restore pane, post-backup, triggers a crash message </summary>
			<description>In the current SeriesGuide Beta v5beta3, after executing a (JSON) Backup operation from the Settings, tapping the Up icon from the SeriesGuide action bar results in the following error message. This appears to occur whether the backup is still in progress, or has already completed.</description>
		</buginformation>
		<fixedFiles>
			<file>SeriesGuide.src.main.java.com.battlelancer.seriesguide.util.MovieTools.java</file>
		</fixedFiles>
	</bug>
	<bug id="241">
		<buginformation>
			<summary>In single pane layout seasons do not update on overview changes </summary>
			<description>No description provided.</description>
		</buginformation>
		<fixedFiles>
			<file>SeriesGuide.src.com.battlelancer.seriesguide.util.FlagTask.java</file>
			<file>SeriesGuide.src.com.battlelancer.seriesguide.ui.OverviewFragment.java</file>
			<file>SeriesGuide.src.com.battlelancer.seriesguide.ui.SeasonsFragment.java</file>
		</fixedFiles>
	</bug>
	<bug id="257">
		<buginformation>
			<summary>Little bug with infinite activity </summary>
			<description>In the latest beta (v6beta1), go to the activity section in portrait mode with infinite activity unchecked (if it's already checked, uncheck it then go back to main menu, then go to activity section), then check this option and rotate your device in landscape mode. See? The layout keeps that "infinite activity mode" (with no separator) but you can't go further than 30 days. Same happens when you do the same from landscape mode to the portrait one.</description>
		</buginformation>
		<fixedFiles>
			<file>SeriesGuide.src.com.battlelancer.seriesguide.ui.UpcomingFragment.java</file>
		</fixedFiles>
	</bug>
	<bug id="261">
		<buginformation>
			<summary>Can enable Restore button while Backup is running </summary>
			<description>No description provided.</description>
		</buginformation>
		<fixedFiles>
			<file>SeriesGuide.src.com.battlelancer.seriesguide.dataliberation.DataLiberationFragment.java</file>
		</fixedFiles>
	</bug>
	<bug id="266">
		<buginformation>
			<summary>Crash due to foreground activity on SyncAdapter service </summary>
			<description>Can't add new shows because add task does show toasts! 06-04 15:16:42.517: E/AndroidRuntime(15789): FATAL EXCEPTION: SyncAdapterThread-106-04 15:16:42.517: E/AndroidRuntime(15789): java.lang.RuntimeException: Can't create handler inside thread that has not called Looper.prepare()06-04 15:16:42.517: E/AndroidRuntime(15789):    at android.os.Handler.<init>(Handler.java:197)06-04 15:16:42.517: E/AndroidRuntime(15789):    at android.os.Handler.<init>(Handler.java:111)06-04 15:16:42.517: E/AndroidRuntime(15789):    at android.widget.Toast$TN.<init>(Toast.java:324)06-04 15:16:42.517: E/AndroidRuntime(15789):    at android.widget.Toast.<init>(Toast.java:91)06-04 15:16:42.517: E/AndroidRuntime(15789):    at android.widget.Toast.makeText(Toast.java:238)06-04 15:16:42.517: E/AndroidRuntime(15789):    at com.battlelancer.seriesguide.util.TaskManager.performAddTask(TaskManager.java:70)06-04 15:16:42.517: E/AndroidRuntime(15789):    at com.battlelancer.seriesguide.sync.SgSyncAdapter.onPerformSync(SgSyncAdapter.java:281)06-04 15:16:42.517: E/AndroidRuntime(15789):    at android.content.AbstractThreadedSyncAdapter$SyncThread.run(AbstractThreadedSyncAdapter.java:254)</description>
		</buginformation>
		<fixedFiles>
			<file>SeriesGuide.src.main.java.com.battlelancer.seriesguide.ui.dialogs.AddShowDialogFragment.java</file>
		</fixedFiles>
	</bug>
	<bug id="270">
		<buginformation>
			<summary>Last notification time is not set when tapping a new episode notification </summary>
			<description>Should result in the same behavior as if clearing a notification (delete intent).</description>
		</buginformation>
		<fixedFiles>
			<file>SeriesGuide.src.com.battlelancer.seriesguide.ui.UpcomingRecentActivity.java</file>
			<file>SeriesGuide.src.com.battlelancer.seriesguide.ui.EpisodesActivity.java</file>
			<file>SeriesGuide.src.com.battlelancer.seriesguide.service.NotificationService.java</file>
		</fixedFiles>
	</bug>
	<bug id="288">
		<buginformation>
			<summary>SecurityException: caller uid XXXX is different than the authenticator's uid </summary>
			<description>See http://stackoverflow.com/questions/3774282/securityexception-caller-uid-xxxx-is-different-than-the-authenticators-uid. The XML files declare them directly, however, in the SgAutheticator I get the package name. But that should always be the correct one, no?</description>
		</buginformation>
		<fixedFiles>
			<file>SeriesGuide.src.main.java.com.battlelancer.seriesguide.ui.ConnectTraktFragment.java</file>
			<file>SeriesGuide.src.main.java.com.battlelancer.seriesguide.ui.ShowsActivity.java</file>
		</fixedFiles>
	</bug>
	<bug id="294">
		<buginformation>
			<summary>Bring back search inside a show </summary>
			<description>I kind of accidentially removed that by always forwarding the user to the search activity. Fix!</description>
		</buginformation>
		<fixedFiles>
			<file>SeriesGuide.src.main.java.com.battlelancer.seriesguide.settings.NowSettings.java</file>
			<file>SeriesGuide.src.com.battlelancer.seriesguide.ui.OverviewFragment.java</file>
			<file>SeriesGuide.src.main.java.com.battlelancer.seriesguide.ui.NowFragment.java</file>
			<file>SeriesGuide.src.com.battlelancer.seriesguide.ui.SearchActivity.java</file>
			<file>SeriesGuide.src.com.battlelancer.seriesguide.ui.SearchFragment.java</file>
			<file>SeriesGuide.src.com.battlelancer.seriesguide.ui.OverviewActivity.java</file>
		</fixedFiles>
	</bug>
	<bug id="313">
		<buginformation>
			<summary>Going back after forward to billing activity does not go back, but up. </summary>
			<description>E.g. try to add a home screen shortcut without active X subscription. You are forwarded to the billing activity. If you go back, you are going up instead until the top setting screen (afterwards the app quits).</description>
		</buginformation>
		<fixedFiles>
			<file>SeriesGuide.src.com.battlelancer.seriesguide.util.Utils.java</file>
		</fixedFiles>
	</bug>
	<bug id="320">
		<buginformation>
			<summary>Strange behavior when I unwatch the last episode seen. </summary>
			<description>When I unwatch the last episode seen in a show, the next episode SeriesGuide tells me to watch is not the good one. (SeriesGuide version 7.2-beta1) Steps to reproduce the bug: Add a show (I'll take Family Guy for example as it has a lot of episodes). Let's say I have seen the whole season 1 and the first episode of season 2, so I flag them all as seen. Next episode SeriesGuide tells me to watch is now 2x02, as expected. I accidentally flag episode 2x02 as watched. I then flag episode 2x02 as not watched yet in the seasons section. Go back to the main screen (when you see all your shows), SeriesGuide now tells me that the next episode of Family Guy I have to see is : 11x04 (???) To go back to normal, go to the seasons section of the show, find season 11 and, with the action button on the right, flag all the episodes as "watched none". You can reproduce once again that bug by flagging the next episode to see as seen and flag that episode as not watched yet. SeriesGuide will always tell you that, with my example, the next episode to see is 11x04. Why 11x04? I don't know... Looks like that bug happens to the shows with multiple seasons (I can reproduce this problem with Simpsons show, Futurama or The Wire). I don't know if I was very clear with that bug, I'll provide a video if needed.</description>
		</buginformation>
		<fixedFiles>
			<file>SeriesGuide.src.main.java.com.battlelancer.seriesguide.util.FlagTask.java</file>
		</fixedFiles>
	</bug>
	<bug id="331">
		<buginformation>
			<summary>trakt sync not working on HTC phone </summary>
			<description>Reported via email. [...] updating from trakt does not work on my AT&T HTC One. Updating, both auto and manual, works fine on my Nexus 7. On my HTC One, it's not that it never communicates w/ trakt, just that it never updates from trakt. I can Checkin to an episode, and mark an episode as watched, and both of those are successfully sent to trakt. I know those actions are successful both by the message that series guide shows AND by the fact that those actions do get updated on my Nexus 7 series guide. I've tried turning on and off the only update over wifi setting, it fails to update either way, so that's not related. Oh, one last piece of info about my HTC One is: Android: v4.3 HTC Sense: v5.0 Software number: 3.17.502.3 HTC SDK API level: 5.45</description>
		</buginformation>
		<fixedFiles>
			<file>SeriesGuide.src.main.java.com.battlelancer.seriesguide.ui.ConnectTraktCredentialsFragment.java</file>
		</fixedFiles>
	</bug>
	<bug id="345">
		<buginformation>
			<summary>Ratings cache does not time out </summary>
			<description>Currently up to the last 10 ratings are cached for episodes in TraktSummaryTask, using a LRU strategy to evict old entries. Meaning, even if some time has passed, the cached value will still be returned instead of refreshed. Potential solutions: Clear the cache after a timeout. Or: add timestamps to its entries and throw them away once over a certain threshold (minutes)</description>
		</buginformation>
		<fixedFiles>
			<file>SeriesGuide.src.main.java.com.battlelancer.seriesguide.util.TraktSummaryTask.java</file>
			<file>SeriesGuide.src.main.java.com.battlelancer.seriesguide.ui.OverviewFragment.java</file>
			<file>SeriesGuide.src.main.java.com.battlelancer.seriesguide.ui.EpisodeDetailsFragment.java</file>
		</fixedFiles>
	</bug>
	<bug id="353">
		<buginformation>
			<summary>Widget configuration change not reflected immediately </summary>
			<description>When changing the widget type or any widget settings those changes only show when the widget updates again, not immediately after saving the changes. This is restricted to the items, the static content updates fine. Possible solutions: Have a look at the DashClock source code how it handles instant widget updates.</description>
		</buginformation>
		<fixedFiles>
			<file>SeriesGuide.src.main.java.com.battlelancer.seriesguide.appwidget.ListWidgetConfigure.java</file>
		</fixedFiles>
	</bug>
	<bug id="364">
		<buginformation>
			<summary>Full trakt sync does not reset collected or watched flags </summary>
			<description>Full trakt sync does not re-set flags for shows not included in either trakt library or collection anymore.</description>
		</buginformation>
		<fixedFiles>
			<file>SeriesGuide.src.main.java.com.battlelancer.seriesguide.util.TraktSync.java</file>
		</fixedFiles>
	</bug>
	<bug id="371">
		<buginformation>
			<summary>NPE for EventBus.getDefault() in AsyncTask.onPostExecute </summary>
			<description>Getting reports for a weird NPE in https://github.com/UweTrottmann/SeriesGuide/blob/v12/SeriesGuide/src/main/java/com/battlelancer/seriesguide/util/MovieTools.java#L354. Guarded it for now, but still unsure what is going on (maybe GC snags it away?)</description>
		</buginformation>
		<fixedFiles>
			<file>SeriesGuide.src.main.java.com.battlelancer.seriesguide.util.MovieTools.java</file>
		</fixedFiles>
	</bug>
	<bug id="38">
		<buginformation>
			<summary>Work around crash when navigating away after checking in fails </summary>
			<description>If the cancel dialog wants to appear, we fail. Apparently someones onSaveInstanceState got already called (we use the fragment manager of the share dialog, that's a starting point).</description>
		</buginformation>
		<fixedFiles>
			<file>SeriesGuide.src.main.java.com.battlelancer.seriesguide.util.ShowTools.java</file>
			<file>SeriesGuide.src.main.java.com.battlelancer.seriesguide.util.EpisodeTools.java</file>
			<file>SeriesGuide.src.main.java.com.battlelancer.seriesguide.sync.SgSyncAdapter.java</file>
			<file>SeriesGuide.src.main.java.com.battlelancer.seriesguide.dashclock.UpcomingEpisodeExtension.java</file>
			<file>SeriesGuide.src.main.java.com.battlelancer.seriesguide.appwidget.AppWidget.java</file>
			<file>SeriesGuide.src.main.java.com.battlelancer.seriesguide.adapters.ActivitySlowAdapter.java</file>
			<file>SeriesGuide.src.main.java.com.battlelancer.seriesguide.ui.ActivityFragment.java</file>
			<file>SeriesGuide.src.main.java.com.battlelancer.seriesguide.appwidget.ListWidgetService.java</file>
		</fixedFiles>
	</bug>
	<bug id="384">
		<buginformation>
			<summary>Show list with Unwatched filter is stale </summary>
			<description>After changing the filters, it triggers an update. This should NOT happen, as this is handled completely by the loader framework and this code has remained untouched a while. Misinterpreted bug report. Show list cutoff for unwatched episodes is not refreshed on activity re-recreation as old loader is apparently re-used, ergo the cut-off is not updated to the current time, ergo shows with just released episodes do not show up. Original report</description>
		</buginformation>
		<fixedFiles>
			<file>SeriesGuide.src.main.java.com.battlelancer.seriesguide.ui.ShowsFragment.java</file>
		</fixedFiles>
	</bug>
	<bug id="390">
		<buginformation>
			<summary>Swipe refresh not working if list is empty </summary>
			<description>Pulling down is not working if there are no items and the empty view is shown. Investigate android/support/v4/widget/SwipeRefreshLayout.java.</description>
		</buginformation>
		<fixedFiles>
			<file>SeriesGuide.src.main.java.com.battlelancer.seriesguide.widgets.EmptyViewSwipeRefreshLayout.java</file>
		</fixedFiles>
	</bug>
	<bug id="393">
		<buginformation>
			<summary>Notification settings not disabled if notifications are disabled </summary>
			<description>https://plus.google.com/b/112462818579768957964/112031979119612536593/posts/QSaW6Dvf7gc</description>
		</buginformation>
		<fixedFiles>
			<file>SeriesGuide.src.main.java.com.battlelancer.seriesguide.ui.SeriesGuidePreferences.java</file>
		</fixedFiles>
	</bug>
	<bug id="394">
		<buginformation>
			<summary>Movies removed from trakt watchlist are re-added when syncing </summary>
			<description>Removing a movie from the watchlist works as expected, it is also properly removed on trakt. However, on the next sync the movie is added to the watchlist (locally + trakt) again. Find out why!</description>
		</buginformation>
		<fixedFiles>
			<file>SeriesGuide.src.main.java.com.battlelancer.seriesguide.util.MovieTools.java</file>
		</fixedFiles>
	</bug>
	<bug id="415">
		<buginformation>
			<summary>Movie ListView re-use image downloading problem. </summary>
			<description>Notice "Yoga Hosers" and "Clerks III" (maybe it's only Kevin Smith movies that have this problem!). This only happens when scrolling fast and the image for the original movie to which the poster belongs is not in the memory cache.</description>
		</buginformation>
		<fixedFiles>
			<file>SeriesGuide.src.main.java.com.battlelancer.seriesguide.adapters.MoviesCursorAdapter.java</file>
			<file>SeriesGuide.src.main.java.com.battlelancer.seriesguide.adapters.MoviesAdapter.java</file>
			<file>SeriesGuide.src.main.java.com.battlelancer.seriesguide.util.Utils.java</file>
		</fixedFiles>
	</bug>
	<bug id="416">
		<buginformation>
			<summary>Movies without release dates are sorted first, not last. </summary>
			<description>I think they should be sorted last since as far as I can tell they're all movies in the future.</description>
		</buginformation>
		<fixedFiles>
			<file>SeriesGuide.src.main.java.com.battlelancer.seriesguide.loaders.MovieLoader.java</file>
			<file>SeriesGuide.src.main.java.com.battlelancer.seriesguide.ui.MovieDetailsFragment.java</file>
			<file>SeriesGuide.src.main.java.com.battlelancer.seriesguide.util.MovieTools.java</file>
			<file>SeriesGuide.src.main.java.com.battlelancer.seriesguide.adapters.MoviesCursorAdapter.java</file>
			<file>SeriesGuide.src.main.java.com.battlelancer.seriesguide.items.MovieDetails.java</file>
		</fixedFiles>
	</bug>
	<bug id="419">
		<buginformation>
			<summary>Skips get reset after trakt sync </summary>
			<description>Reported on G+ Code seems fine, so is my library. Looks like a more intricate issue. Keep investigating.</description>
		</buginformation>
		<fixedFiles>
			<file>SeriesGuide.src.main.java.com.battlelancer.seriesguide.util.TraktTools.java</file>
		</fixedFiles>
	</bug>
	<bug id="422">
		<buginformation>
			<summary>No error message if set watched/collected/etc. fails </summary>
			<description>Reported on G+. Actually there should be. Guess parsing the failure response is somehow broken (trakt returns an array of what worked, failed, etc.). Handle responses in FlagTapedTask and throw an error toast if response not_found has elements.</description>
		</buginformation>
		<fixedFiles>
			<file>SeriesGuide.src.main.java.com.battlelancer.seriesguide.util.EpisodeTools.java</file>
			<file>SeriesGuide.src.main.java.com.battlelancer.seriesguide.util.FlagTapedTask.java</file>
		</fixedFiles>
	</bug>
	<bug id="427">
		<buginformation>
			<summary>When adding a show, watched/collected episodes not always loaded </summary>
			<description>Reported on G+ When adding a show, AddShowTask does not abort if loading watched/collected episodes fails. It probably shouldn't. Old train of though: sync will add watched/collected episodes. However, with the new v2 syncing algorithm this might not be true any longer all the time.</description>
		</buginformation>
		<fixedFiles>
			<file>SeriesGuide.src.main.java.com.battlelancer.seriesguide.util.AddShowTask.java</file>
		</fixedFiles>
	</bug>
	<bug id="431">
		<buginformation>
			<summary>In "Manage lists" items get unselected when scrolling out of view </summary>
			<description>Reported via email. Feels like a view recycling bug.</description>
		</buginformation>
		<fixedFiles>
			<file>SeriesGuide.src.main.java.com.battlelancer.seriesguide.ui.dialogs.ManageListsDialogFragment.java</file>
		</fixedFiles>
	</bug>
	<bug id="436">
		<buginformation>
			<summary>Misleading error for check-in to non-existent (on trakt) episode </summary>
			<description>Reported on G+ The API might return a 404 if it can't find an episode. Then it would be easy to intercept the RetrofitError and show a different error message. Also look at movies.</description>
		</buginformation>
		<fixedFiles>
			<file>SeriesGuide.src.main.java.com.battlelancer.seriesguide.util.TraktTask.java</file>
		</fixedFiles>
	</bug>
	<bug id="438">
		<buginformation>
			<summary>When searching, added shows can be added again </summary>
			<description>Searching for show in "Add tab" that is in the show list. Should display that show is already in show list. Maybe also change trakt lists to display already added shows, but with an added indicator (e.g. show check mark instead of add button).</description>
		</buginformation>
		<fixedFiles>
			<file>SeriesGuide.src.main.java.com.battlelancer.seriesguide.loaders.TraktAddLoader.java</file>
			<file>SeriesGuide.src.main.java.com.battlelancer.seriesguide.loaders.TvdbAddLoader.java</file>
		</fixedFiles>
	</bug>
	<bug id="442">
		<buginformation>
			<summary>Some shows that are classified as ended don't say that in the show list </summary>
			<description>Reported on G+</description>
		</buginformation>
		<fixedFiles>
			<file>SeriesGuide.src.main.java.com.battlelancer.seriesguide.util.DBUtils.java</file>
			<file>SeriesGuide.src.main.java.com.battlelancer.seriesguide.ui.ShowFragment.java</file>
			<file>SeriesGuide.src.main.java.com.battlelancer.seriesguide.dataliberation.JsonImportTask.java</file>
			<file>SeriesGuide.src.main.java.com.battlelancer.seriesguide.provider.SeriesGuideContract.java</file>
			<file>SeriesGuide.src.main.java.com.battlelancer.seriesguide.ui.ShowsFragment.java</file>
			<file>SeriesGuide.src.main.java.com.battlelancer.seriesguide.dataliberation.DataLiberationTools.java</file>
			<file>SeriesGuide.src.main.java.com.battlelancer.seriesguide.ui.ListsFragment.java</file>
			<file>SeriesGuide.src.main.java.com.battlelancer.seriesguide.ui.OverviewFragment.java</file>
			<file>SeriesGuide.src.main.java.com.battlelancer.seriesguide.ui.dialogs.AddShowDialogFragment.java</file>
			<file>SeriesGuide.src.main.java.com.battlelancer.seriesguide.thetvdbapi.TheTVDB.java</file>
			<file>SeriesGuide.src.main.java.com.battlelancer.seriesguide.dataliberation.JsonExportTask.java</file>
		</fixedFiles>
	</bug>
	<bug id="443">
		<buginformation>
			<summary>Next episode in Shows tab not updated on data changes </summary>
			<description>Reported on G+ and via email It's likely we don't correctly trigger an update to the next episodes upon finishing a trakt sync or toggling watched state in the Upcoming/Recent tabs.</description>
		</buginformation>
		<fixedFiles>
			<file>SeriesGuide.src.main.java.com.battlelancer.seriesguide.util.EpisodeTools.java</file>
			<file>SeriesGuide.src.main.java.com.battlelancer.seriesguide.ui.ShowsFragment.java</file>
		</fixedFiles>
	</bug>
	<bug id="452">
		<buginformation>
			<summary>Transparent tabs indicator is wrong color on dark theme </summary>
			<description>Reported on Twitter</description>
		</buginformation>
		<fixedFiles>
			<file>SeriesGuide.src.main.java.com.battlelancer.seriesguide.ui.EpisodesActivity.java</file>
			<file>SeriesGuide.src.main.java.com.battlelancer.seriesguide.ui.EpisodeDetailsActivity.java</file>
		</fixedFiles>
	</bug>
	<bug id="461">
		<buginformation>
			<summary>Past-midnight handling not appropriate for Japanese shows </summary>
			<description>Reported in #460 and on Google+ Anime airing the hour past midnight is stored using the correct date in TheTVDB. Hence SG incorrectly adds a day to the release date. Japanese midnight shows with actual air dates: http://thetvdb.com/?tab=series&id=269872&lid=7 http://thetvdb.com/?tab=series&id=289884&lid=7 http://thetvdb.com/?tab=series&id=278626&lid=7 http://thetvdb.com/?tab=series&id=262954&lid=7 http://thetvdb.com/?tab=series&id=289907&lid=7 An U.S. midnight show with "wrong" air dates: https://forums.thetvdb.com/viewtopic.php?t=22791 http://thetvdb.com/?tab=series&id=292421&lid=7 Possible fixes: Apply past midnight fix for only US shows better, until we have examples for other countries Do NOT apply past midnight fix for Japanese shows</description>
		</buginformation>
		<fixedFiles>
			<file>SeriesGuide.src.main.java.com.battlelancer.seriesguide.util.TimeTools.java</file>
		</fixedFiles>
	</bug>
	<bug id="476">
		<buginformation>
			<summary>FAB displayed on wrong tab </summary>
			<description>It's possible for the FAB to be displayed on the "now" tab as a result of the FabAbsListViewScrollDetector getting confused about which Fragment is currently being shown. Personally, I don't like hiding the FAB, but I'm not sure how you'd like to handle it. An easy fix would be just to check to see if the grid has focus or not:     if (!view.hasFocus() || totalItemCount == 0) {        return;    } Also, what are you thoughts on switching to an actual Snackbar instead of your custom one? Is there a reason for using it?</description>
		</buginformation>
		<fixedFiles>
			<file>SeriesGuide.src.main.java.com.battlelancer.seriesguide.util.FabAbsListViewScrollDetector.java</file>
		</fixedFiles>
	</bug>
	<bug id="501">
		<buginformation>
			<summary>Infinite calendar omits episodes aired before 1.1.1970 </summary>
			<description>Episodes aired before the 1.1.1970 (start of the Unix timestamp) do not show up in the recent tab with the 'infinite calendar' option activated.</description>
		</buginformation>
		<fixedFiles>
			<file>SeriesGuide.src.main.java.com.battlelancer.seriesguide.util.DBUtils.java</file>
			<file>SeriesGuide.src.main.java.com.battlelancer.seriesguide.adapters.CalendarAdapter.java</file>
		</fixedFiles>
	</bug>
	<bug id="53">
		<buginformation>
			<summary>Option menu items duplicate on orientation change </summary>
			<description>Only when switching from multi-pane to single-pane layout.</description>
		</buginformation>
		<fixedFiles>
			<file>SeriesGuide.src.main.java.com.battlelancer.seriesguide.util.DBUtils.java</file>
			<file>SeriesGuide.src.com.battlelancer.seriesguide.ui.EpisodesActivity.java</file>
		</fixedFiles>
	</bug>
	<bug id="66">
		<buginformation>
			<summary>[Google TV] TVDb button in Upcoming unreachable via DPAD </summary>
			<description>Same for the show link button.</description>
		</buginformation>
		<fixedFiles>
			<file>SeriesGuide.src.main.java.com.battlelancer.seriesguide.service.NotificationService.java</file>
		</fixedFiles>
	</bug>
	<bug id="67">
		<buginformation>
			<summary>[TVDb] Prevent episode (and season) duplicates </summary>
			<description>If TVDb gets screwed up duplicate episodes and seasons can happen easily on updating because SeriesGuide doesn't delete old entries to preserve the watched status. Figure something out!</description>
		</buginformation>
		<fixedFiles>
			<file>SeriesGuide.src.com.battlelancer.seriesguide.ui.SeasonsFragment.java</file>
		</fixedFiles>
	</bug>
	<bug id="72">
		<buginformation>
			<summary>Changing episode sorting not reflected in episode pager </summary>
			<description>Especially a problem as we now highlight the selected episode in the list. It is done by position and changing the sorting screws this up greatly.</description>
		</buginformation>
		<fixedFiles>
			<file>SeriesGuide.src.com.battlelancer.seriesguide.ui.EpisodeDetailsActivity.java</file>
			<file>SeriesGuide.src.com.battlelancer.seriesguide.ui.EpisodesActivity.java</file>
		</fixedFiles>
	</bug>
	<bug id="77">
		<buginformation>
			<summary>[trakt] Going back from credentials dialog displays uncancelable progress </summary>
			<description>Sigh Solution: Listen for the dialog getting canceled and try to dismiss the progress dialog fragment. Or don't put the progress dialog on the back stack (which I thought I already do...).</description>
		</buginformation>
		<fixedFiles>
			<file>SeriesGuide.src.com.battlelancer.seriesguide.util.ShareUtils.java</file>
		</fixedFiles>
	</bug>
	<bug id="78">
		<buginformation>
			<summary>[GetGlue] Infinite loop between PrepareRequestTokenActivity and Browser </summary>
			<description>Not that critical because you have to choose 'Allow' in the browser each time. You can always go back to the app. Investigate if this can really happen (I guess if no valid code is sent back, the task will just try to authenticate with GetGlue again, and again, you get the idea).</description>
		</buginformation>
		<fixedFiles>
			<file>SeriesGuide.src.com.battlelancer.seriesguide.getglueapi.PrepareRequestTokenActivity.java</file>
		</fixedFiles>
	</bug>
	<bug id="79">
		<buginformation>
			<summary>Fix PendingIntent conflict between notifications and Widget </summary>
			<description>Likely because I clear all pending intents when creating a notification widget PIs don't work anymore.</description>
		</buginformation>
		<fixedFiles>
			<file>SeriesGuide.src.com.battlelancer.seriesguide.appwidget.ListWidgetProvider.java</file>
			<file>SeriesGuide.src.com.battlelancer.seriesguide.service.NotificationService.java</file>
		</fixedFiles>
	</bug>
	<bug id="80">
		<buginformation>
			<summary>Investigate trakt-java failure for empty shows </summary>
			<description>Example profile: jllafond Results in exceptions when firing. Suspicion that this is caused by item {"title":null,"year":0,"imdb_id":null,"tvdb_id":null,"tvrage_id":null,"seasons":[{"season":1,"episodes":[1,2,3]}]}. Do some testing and look at the stack traces.</description>
		</buginformation>
		<fixedFiles>
			<file>SeriesGuide.src.main.java.com.battlelancer.seriesguide.util.DBUtils.java</file>
			<file>SeriesGuide.src.main.java.com.battlelancer.seriesguide.ui.ShowsFragment.java</file>
			<file>SeriesGuide.src.main.java.com.battlelancer.seriesguide.ui.ShowsActivity.java</file>
		</fixedFiles>
	</bug>
	<bug id="86">
		<buginformation>
			<summary>[Search] Filter suggestions when searching within show </summary>
			<description>With how the suggestion system is currently designed in Android it is as far as I researched impossible to add per-activity filters like one can do by overriding onSearchRequested() for regular search. An alternative would be to turn off suggestions for search inside OverviewFragment, but guess what, AFAIK not possible. If anyone has viable solutions, I'm listening. E.g. you could create another SearchActivity which handles just searches from OverviewFragment. This way you could specify a different selection. However I still have only the user query as dynamic parameter, no?</description>
		</buginformation>
		<fixedFiles>
			<file>SeriesGuide.src.main.java.com.battlelancer.seriesguide.ui.dialogs.AddDialogFragment.java</file>
		</fixedFiles>
	</bug>
	<bug id="88">
		<buginformation>
			<summary>Autocorrect time for ALL US time zones </summary>
			<description>If anyone wants to help, please install the Debugger.apk from the Downloads section and send in the displayed time zone code. sigh Android seems to have multiple time zone IDs per big time zone. GPS or phone network detection is out of question (no support for Google TV or devices which don't have GPS or cellular). Already supported: Eastern: America/Detroit America/New_York Central: America/Chicago Mountain: America/Denver Pacific: America/Phoenix (no summer time) America/Los_Angeles Full list of all Android time zone IDs: https://gist.github.com/1035596</description>
		</buginformation>
		<fixedFiles>
			<file>SeriesGuide.src.main.java.com.battlelancer.seriesguide.ui.BackupDeleteActivity.java</file>
		</fixedFiles>
	</bug>
	<bug id="98">
		<buginformation>
			<summary>Incorrect relative time below Android 4.0 </summary>
			<description>SDK level 10 Hi,The air dates of some of the shows don't seem to be updating properly.Here's what it looks like in the app:Fringenext:4x21 Brave New World(1)yesterday (Fri)It's the same for Grimm.It's Sunday now Eastern Time.Thanks,Barrie</description>
		</buginformation>
		<fixedFiles>
			<file>SeriesGuide.src.main.java.com.battlelancer.seriesguide.ui.EpisodesFragment.java</file>
		</fixedFiles>
	</bug>
</bugrepository>